{
  "Header": {
    "title": "It's more fun in the Philippines",
    "paragraph": "Lorem ipsum dolor sit amet, consectetur adipiscing elit. Duis sed dapibus leo nec ornare diam sed commodo nibh ante facilisis bibendum."
  },
  "About": {
    "paragraph1": "The Philippines is an archipelago found in Southeast Asia comprised of more than 7,000 islands dotting the Pacific Ocean. With its long coastline, the Philippines is gifted with stretches of pristine white sand beaches surrounded by crystal clear waters. Home of rich culture and the warmest communities, the Philippines is one of the best places to take your next adventure. Let's discover the beautiful and breathtaking locations the Philippines has to offer.",
    "paragraph2": "As locals, we see the beauty of the Philippines in a unique way, which we share through a definitive collection of Philippine travel content. We help you find your way to the Philippines through in-depth articles and engaging stories and allow you to connect with local experts for tips to get the most memorable and meaningful Philippine experience.",
    "Why": [
      "Lorem ipsum dolor",
      "Tempor incididunt",
      "Lorem ipsum dolor",
      "Incididunt ut labore"
    ],
    "Why2": [
      "Aliquip ex ea commodo",
      "Lorem ipsum dolor",
      "Exercitation ullamco",
      "Lorem ipsum dolor"
    ]
  },
  "Gallery": [
    {
      "title": "Chocolate Hills",
      "largeImage": "img/chocohills.png",
      "smallImage": "img/chocohills.png",
      "bestTimeToTravel": "Chocolate Hills' peak season is during dry months, which begins in December and lasts until May.",
      "info": "The Chocolate Hills are a geological formation in the Bohol province of the Philippines. They are featured in the provincial flag and seal to symbolize the abundance of natural attractions in the province. "
    },
    {
      "title": "Cross of Magellan",
      "largeImage": "img/magellancross.jpg",
      "smallImage": "img/magellancross.jpg",
      "bestTimeToTravel": "You can visit Magellan's Cross any time of the year but the best time is during the months of July to October, when crowds are lean.",
      "info": "Magellan's Cross Pavilion is a stone kiosk in Cebu City, Philippines. The structure is situated on Plaza Sugbo beside the Basilica del Santo Niño It houses a Christian cross believed to have been planted by explorers of the Spanish expedition of the first circumnavigation of the world, led by Ferdinand Magellan, upon arriving in Cebu in the Philippines on April 21, 1521."
    },
    {
      "title": "Mount Mayon",
      "largeImage": "img/mayon.jpg",
      "smallImage": "img/mayon.jpg",
      "info": "Mayon, also known as Mount Mayon and Mayon Volcano, is an active stratovolcano in the province of Albay in Bicol Region, on the island of Luzon in the Philippines."
    },
    {
      "title": "Malapascua Island",
      "largeImage": "img/malapascuaisland.png",
      "smallImage": "img/malapascuaisland.png",
      "info": "Malapascua is a Philippine island situated in the Visayan Sea, 6.8 kilometres across a shallow strait from the northernmost tip of Cebu Island. Administratively, it is part of the peninsular barangay of Logon, Daanbantayan, Cebu."
    },
    {
      "title": "Kayangan Lake",
      "largeImage": "img/kayanganlake.jpg",
      "smallImage": "img/kayanganlake.jpg",
      "info": "Kayangan Lake is a crystal-clear freshwater lake in Coron, featuring underwater rock formations, caves and islets. It’s a popular spot for photographers, for fairly obvious reasons, and is said to be the cleanest lake in all of the Philippines. The water is so clear that you can often see down to a depth of 10 metres, enabling even non-swimmers to see the untouched rock formations from viewpoints around the lake."
    },
    {
      "title": "Fort Santiago",
      "largeImage": "img/fortsantiago.jpg",
      "smallImage": "img/fortsantiago.jpg",
      "info": "Fort Santiago, built in 1571, is a citadel built by Spanish navigator and governor Miguel López de Legazpi for the new established city of Manila in the Philippines. The defense fortress is located in Intramuros, the walled city of Manila. The fort is one of the most important historical sites in Manila."
    },
    {
      "title": "Tinago Falls",
      "largeImage": "img/tinagofalls.jpg",
      "smallImage": "img/tinagofalls.jpg",
      "info": "Tinago Falls is a waterfall on the Agus River, located in between the town of Linamon and Iligan City, Lanao del Norte in the northern part of the Philippine island of Mindanao. It is one of the main tourist attractions of Iligan, a city known as the City of Majestic Waterfalls."
    },
    {
      "title": "Mount Pulag",
      "largeImage": "img/pulag2.jpg",
      "smallImage": "img/pulag2.jpg",
      "info": "Mount Pulag is Luzon's highest peak at 2,928 metres above sea level, third-highest mountain in the Philippines, and the 26th-highest peak of an island on Earth. It is second-most prominent mountain in the Philippines, it is a dormant volcano."
    },
    {
      "title": "Corregidor Island",
      "largeImage": "img/corregidorisland.jpg",
      "smallImage": "img/corregidorisland.jpg",
      "info": "Corregidor is an island located at the entrance of Manila Bay in the southwestern part of Luzon in the Philippines. Due to this location, Corregidor has historically been fortified with coastal artillery batteries to defend the entrance of Manila Bay and Manila itself from attacks by enemy warships."
    },
    {
      "title": "Tubbataha Reef",
      "largeImage": "img/tubbatahareef.png",
      "smallImage": "img/tubbatahareef.png",
      "info": "The Tubbataha Natural Park, also known as the Tubbataha Reefs Natural Park, is a protected area of the Philippines located in the middle of the Sulu Sea. The marine and bird sanctuary consists of two huge atolls and the smaller Jessie Beazley Reef covering a total area of 97,030 hectares"
    }
  ],
  "Services": [
    {
      "icon": "fa fa-wordpress",
      "name": "Lorem ipsum dolor",
      "text": "Lorem ipsum dolor sit amet, consectetur adipiscing elit. Duis sed dapibus leo nec ornare diam sedasd commodo nibh ante facilisis bibendum dolor feugiat at."
    },
    {
      "icon": "fa fa-cart-arrow-down",
      "name": "Consectetur adipiscing",
      "text": "Lorem ipsum dolor sit amet, consectetur adipiscing elit. Duis sed dapibus leo nec ornare diam sedasd commodo nibh ante facilisis bibendum dolor feugiat at."
    },
    {
      "icon": "fa fa-cloud-download",
      "name": "Lorem ipsum dolor",
      "text": "Lorem ipsum dolor sit amet, consectetur adipiscing elit. Duis sed dapibus leo nec ornare diam sedasd commodo nibh ante facilisis bibendum dolor feugiat at."
    },
    {
      "icon": "fa fa-language",
      "name": "Consectetur adipiscing",
      "text": "Lorem ipsum dolor sit amet, consectetur adipiscing elit. Duis sed dapibus leo nec ornare diam sedasd commodo nibh ante facilisis bibendum dolor feugiat at."
    },
    {
      "icon": "fa fa-plane",
      "name": "Lorem ipsum dolor",
      "text": "Lorem ipsum dolor sit amet, consectetur adipiscing elit. Duis sed dapibus leo nec ornare diam sedasd commodo nibh ante facilisis bibendum dolor feugiat at."
    },
    {
      "icon": "fa fa-pie-chart",
      "name": "Consectetur adipiscing",
      "text": "Lorem ipsum dolor sit amet, consectetur adipiscing elit. Duis sed dapibus leo nec ornare diam sedasd commodo nibh ante facilisis bibendum dolor feugiat at."
    }
  ],
  "Testimonials": [
    {
      "img": "img/testimonials/01.jpg",
      "text": "\"Lorem ipsum dolor sit amet, consectetur adipiscing elit. Duis sed dapibus leo nec ornare diam sedasd commodo nibh ante facilisis bibendum dolor feugiat at.\"",
      "name": "John Doe"
    },
    {
      "img": "img/testimonials/02.jpg",
      "text": "\"Lorem ipsum dolor sit amet, consectetur adipiscing elit. Duis sed dapibus leo nec ornare diam sedasd commodo nibh ante facilisis bibendum dolor feugiat at.\"",
      "name": "Johnathan Doe"
    },
    {
      "img": "img/testimonials/03.jpg",
      "text": "\"Lorem ipsum dolor sit amet, consectetur adipiscing elit. Duis sed dapibus leo nec ornare diam sedasd commodo nibh ante facilisis bibendum dolor feugiat at.\"",
      "name": "John Doe"
    },
    {
      "img": "img/testimonials/04.jpg",
      "text": "\"Lorem ipsum dolor sit amet, consectetur adipiscing elit. Duis sed dapibus leo nec ornare diam sedasd commodo nibh ante facilisis bibendum dolor feugiat at.\"",
      "name": "Johnathan Doe"
    },
    {
      "img": "img/testimonials/05.jpg",
      "text": "\"Lorem ipsum dolor sit amet, consectetur adipiscing elit. Duis sed dapibus leo nec ornare diam sedasd commodo nibh ante facilisis bibendum dolor feugiat at.\"",
      "name": "John Doe"
    },
    {
      "img": "img/testimonials/06.jpg",
      "text": "\"Lorem ipsum dolor sit amet, consectetur adipiscing elit. Duis sed dapibus leo nec ornare diam sedasd commodo nibh ante facilisis bibendum dolor feugiat at.\"",
      "name": "Johnathan Doe"
    }
  ],
  "Team": [
    {
      "img": "img/team/01.jpg",
      "name": "John Doe",
      "job": "Director"
    },
    {
      "img": "img/team/02.jpg",
      "name": "Mike Doe",
      "job": "Senior Designer"
    },
    {
      "img": "img/team/03.jpg",
      "name": "Jane Doe",
      "job": "Senior Designer"
    },
    {
      "img": "img/team/04.jpg",
      "name": "Karen Doe",
      "job": "Project Manager"
    }
  ],
  "Contact": {
    "address": "4321 California St, San Francisco, CA 12345 ",
    "phone": "+1 123 456 1234",
    "email": "info@company.com",
    "facebook": "fb.com",
    "twitter": "twitter.com",
    "youtube": "youtube.com"
  },
  "Features": [
    {
      "icon": "fa fa-comments-o",
      "title": "Boracay",
      "text": "Boracay is located in the northwest corner of Panay Island that belongs to the Visayas island group of central Philippines in the Pacific. It is one of the country's most popular tourist destinations, and now, became an international destination too.",
      "img": "img/bora.jpeg",
      "galleryImages": ["img/boracay/1.jpg", "img/boracay/2.jpg" , "img/boracay/3.jpg" , "img/boracay/4.jpg" , "img/boracay/5.jpg" , "img/boracay/6.jpg" , "img/boracay/7.jpg" , "img/boracay/8.jpg" , "img/boracay/9.jpg" ],
      "budget": "₱6999 for a 3 day/2 night trip including activities",
      "activities": ["Sunset Cruise with Water Activities", "Underwater Helmet Dive Experience" ,"Private Island Hopping & Snorkeling Tour"],
      "bestTimeToTravel": "Boracay is best to visit during the Dry Season--November through April"
    },
    {
      "icon": "fa fa-bullhorn",
      "title": "Bangui Windmills",
      "text": "The Bangui Windmills  form a gracefully shaped arc that reflect the shoreline alongside Bangui Bay, and face the West Philippine Sea. Due to Ilocos' location between the Pacific Ocean and the South China Sea, the province tends to have more wind than most others in the Philippines. ",
      "img": "img/bangui.jpeg",
      "galleryImages": ["img/bangui/1.jpeg", "img/bangui/2.jpeg", "img/bangui/3.jpeg" ],
      "budget": "₱3200 for an overnight trip to Ilocos",
      "activities": ["Take photos amid breath-taking views of the wind farms", "Shopping for locally-made products", "Relax with the sounds of the waves coming from the beach", "ATV Adventure"],
      "bestTimeToTravel": "Illocos is best to visit from January to June and September to December, when you will have a warm temperature and limited to mediocre rainfall."
    },
    {
      "icon": "fa fa-group",
      "title": "Taal Volcano and Lake",
      "text": "Locals and foreign visitors from Manila often take a quick escape from the megacity and make their way down south to Tagaytay, a relaxing town famous for its cool weather, magnificent views, and many tourist spots.",
      "img": "img/taallake.jpeg",
      "galleryImages": ["img/taal/1.jpg", "img/taal/2.jpg", "img/taal/3.jpg" ],
      "budget": "₱919/pax for Trek/Hike day tour",
      "activities": ["Boat riding","Horseback riding", "Trekking","Camping"],
      "bestTimeToTravel": "The best time to visit the smallest active volcano is during the dry season that lasts from October to June."
    }
  ]
}
